,Mean,std,Min,0.25q,median,0.75q,max
Jaccard,"[(0.8451857769423559, 0.9133625541125541)]","[(0.2025142764626776, 0.28310722608478056)]","[(0.0, 0.0)]","[(0.7272727272727273, 1.0)]","[(1.0, 1.0)]","[(1.0, 1.0)]","[(1.0, 1.0)]"
Recall,"[(0.8842792207792207, 0.9440000000000001)]","[(0.16541194367732676, 0.25784946977767054)]","[(0.0, 0.0)]","[(1.0, 1.0)]","[(1.0, 1.0)]","[(1.0, 1.0)]","[(1.0, 1.0)]"
Precision,"[(0.8996660539215685, 0.9592489495798319)]","[(0.15967562782857306, 0.26283255206195166)]","[(0.0, 0.0)]","[(1.0, 1.0)]","[(1.0, 1.0)]","[(1.0, 1.0)]","[(1.0, 1.0)]"
F1,"[(0.8796791687844319, 0.9368472507025137)]","[(0.1579198076580928, 0.25328124315395556)]","[(0.0, 0.0)]","[(0.8421052631578948, 1.0)]","[(1.0, 1.0)]","[(1.0, 1.0)]","[(1.0, 1.0)]"
EditDist,"[(1.8, 5.535)]","[(5.51662034220228, 21.26067731752683)]","[(0.0, 0.0)]","[(0.0, 0.0)]","[(0.0, 0.0)]","[(0.0, 1.0)]","[(34.0, 158.0)]"
EM,"[(0.705, 0.825)]","[(0.3841874542459709, 0.45604276115294273)]","[(0.0, 0.0)]","[(0.0, 1.0)]","[(1.0, 1.0)]","[(1.0, 1.0)]","[(1.0, 1.0)]"
BERT,"[(0.9119145406037569, 0.952099175825715)]","[(0.11638809765110737, 0.1714469312013631)]","[(0.2392483502626419, 0.4228078126907348)]","[(0.8807592988014221, 0.9999998807907104)]","[(0.9999999403953552, 1.0)]","[(1.0, 1.0)]","[(1.0000001192092896, 1.0000001192092896)]"
Perp_ans,"[(1.0528577793936442, 1.0826164181013223)]","[(0.0750018553182714, 0.14653714972899592)]","[(1.000365264744384, 1.000641126433826)]","[(1.004308896860386, 1.0084154796733216)]","[(1.0143487829095224, 1.032788872398667)]","[(1.0607958649334073, 1.1184541875550995)]","[(1.3773081397155449, 2.004927803863862)]"
IDK,"[(0.0, 0.0)]","[(0.0, 0.0)]","[(0.0, 0.0)]","[(0.0, 0.0)]","[(0.0, 0.0)]","[(0.0, 0.0)]","[(0.0, 0.0)]"
