,Mean,Min,0.25q,median,0.75q,max
Jaccard,"[(0.7662465867465867, 0.8538632894882895)]","[(-0.047619047619047616, 0.0)]","[(0.6666666666666666, 0.8333333333333334)]","[(1.0, 1.0)]","[(1.0, 1.0)]","[(1.0, 1.0)]"
Recall,"[(0.7906439393939394, 0.876310606060606)]","[(-0.1428571428571428, 0.0)]","[(0.6666666666666666, 1.0)]","[(1.0, 1.0)]","[(1.0, 1.0)]","[(1.0, 1.0)]"
Precision,"[(0.7828452380952382, 0.8695595238095238)]","[(-0.1, 0.0)]","[(0.6666666666666666, 1.0)]","[(1.0, 1.0)]","[(1.0, 1.0)]","[(1.0, 1.0)]"
F1,"[(0.7752067099567099, 0.8608225108225107)]","[(-0.06666666666666671, 0.0)]","[(0.6666666666666666, 0.8)]","[(1.0, 1.0)]","[(1.0, 1.0)]","[(1.0, 1.0)]"
EditDist,"[(-12.655, -9.41)]","[(-91.0, -38.0)]","[(-18.0, -14.0)]","[(-11.0, -9.0)]","[(-5.0, -3.0)]","[(6.0, 36.0)]"
EM,"[(0.665, 0.79)]","[(0.0, 0.0)]","[(0.0, 1.0)]","[(1.0, 1.0)]","[(1.0, 1.0)]","[(1.0, 1.0)]"
Chrf++,"[(0.6559741961117834, 0.7380975405871868)]","[(-0.039021898061037105, 0.0)]","[(0.5, 0.5956935286521912)]","[(0.7545972000807524, 0.8465909082442523)]","[(0.913787916302681, 0.9553571380674839)]","[(0.990234375, 1.0)]"
BERT,"[(0.37380397006869315, 0.4373861169070005)]","[(-0.47523608803749073, -0.08950060606002808)]","[(0.17139852046966553, 0.2994827926158905)]","[(0.4204723834991455, 0.4985542595386505)]","[(0.5569128096103668, 0.6220612525939941)]","[(0.742262452840805, 0.8040012121200562)]"
Perp_ans,"[(-2.4910410285047986, -2.0514925952295466)]","[(-9.748366845092276, -7.109088073029872)]","[(-3.454512512846387, -2.5426616596664426)]","[(-2.064928707356052, -1.6207131186012387)]","[(-1.2793376869936532, -1.0436832574049275)]","[(-0.17419812314041927, -0.1343061683589093)]"
