,Mean,std,Min,0.25q,median,0.75q,max
Jaccard,"[(0.023220238095238096, 0.05399801587301587)]","[(0.07249618583093881, 0.1529346197608337)]","[(0.0, 0.0)]","[(0.0, 0.0)]","[(0.0, 0.0)]","[(0.0, 0.0)]","[(0.3333333333333333, 1.0)]"
Recall,"[(0.03496428571428571, 0.07516666666666666)]","[(0.10873862895695181, 0.1813522508514545)]","[(0.0, 0.0)]","[(0.0, 0.0)]","[(0.0, 0.0)]","[(0.0, 0.0)]","[(0.5, 1.0)]"
Precision,"[(0.04091666666666667, 0.08945833333333333)]","[(0.12924341805721137, 0.21283972435588447)]","[(0.0, 0.0)]","[(0.0, 0.0)]","[(0.0, 0.0)]","[(0.0, 0.0)]","[(0.6666666666666666, 1.0)]"
F1,"[(0.036599927849927855, 0.07824039685804392)]","[(0.11556441265332196, 0.18593465770363565)]","[(0.0, 0.0)]","[(0.0, 0.0)]","[(0.0, 0.0)]","[(0.0, 0.0)]","[(0.5, 1.0)]"
EditDist,"[(11.2, 13.425)]","[(6.7239701813735016, 9.400498656986235)]","[(0.0, 1.0)]","[(6.0, 8.0)]","[(10.0, 12.0)]","[(14.0, 18.0)]","[(38.0, 48.0)]"
EM,"[(0.0, 0.015)]","[(0.0, 0.1215524578114322)]","[(0.0, 0.0)]","[(0.0, 0.0)]","[(0.0, 0.0)]","[(0.0, 0.0)]","[(0.0, 1.0)]"
BERT,"[(0.48780744418501853, 0.5382807525992394)]","[(0.16401489307205133, 0.1981338175053527)]","[(0.1911423504352569, 0.2497338354587555)]","[(0.3524671792984009, 0.4011374711990356)]","[(0.4401870369911194, 0.49569423496723175)]","[(0.5672279596328735, 0.6735197305679321)]","[(0.9129936695098876, 1.0)]"
Perp_ans,"[(3.418598464978461, 3.8962527984671924)]","[(1.4335853443344497, 1.953069822402464)]","[(1.2670532971013186, 1.517189739868377)]","[(2.31606746467508, 2.7380405733026687)]","[(3.098949497274379, 3.5022015479819926)]","[(3.8280377617275096, 4.875712966518094)]","[(9.153452431534337, 11.16195309639356)]"
IDK,"[(0.0, 0.015)]","[(0.0, 0.1215524578114322)]","[(0.0, 0.0)]","[(0.0, 0.0)]","[(0.0, 0.0)]","[(0.0, 0.0)]","[(0.0, 1.0)]"
