,Mean,std,Min,0.25q,median,0.75q,max
Jaccard,"[(0.5750350877192982, 0.6973447824105719)]","[(0.4149550749963202, 0.4592504617354399)]","[(0.0, 0.0)]","[(0.0, 0.3333333333333333)]","[(0.75, 1.0)]","[(1.0, 1.0)]","[(1.0, 1.0)]"
Recall,"[(0.6070465367965368, 0.7298506493506494)]","[(0.41135860145364533, 0.4608895629012553)]","[(0.0, 0.0)]","[(0.0, 0.5)]","[(1.0, 1.0)]","[(1.0, 1.0)]","[(1.0, 1.0)]"
Precision,"[(0.6193661236424395, 0.7439161706349207)]","[(0.4191677443826505, 0.47078969252996267)]","[(0.0, 0.0)]","[(0.0, 0.5)]","[(1.0, 1.0)]","[(1.0, 1.0)]","[(1.0, 1.0)]"
F1,"[(0.6008480408480408, 0.7219279755332387)]","[(0.4071405743645054, 0.45721631072678914)]","[(0.0, 0.0)]","[(0.0, 0.5)]","[(0.8571428571428571, 1.0)]","[(1.0, 1.0)]","[(1.0, 1.0)]"
EditDist,"[(5.315, 10.165)]","[(9.958308089228813, 24.43505627167656)]","[(0.0, 0.0)]","[(0.0, 0.0)]","[(0.0, 1.0)]","[(6.0, 12.0)]","[(61.0, 158.0)]"
EM,"[(0.475, 0.615)]","[(0.4865953144040744, 0.5)]","[(0.0, 0.0)]","[(0.0, 0.0)]","[(0.0, 1.0)]","[(1.0, 1.0)]","[(1.0, 1.0)]"
BERT,"[(0.7734535732120276, 0.8427066861093044)]","[(0.2301124747002059, 0.26668032170456374)]","[(0.2392483502626419, 0.3033289611339569)]","[(0.4981573820114136, 0.6673164367675781)]","[(0.9174915850162506, 0.9999999403953552)]","[(1.0, 1.0)]","[(1.0000001192092896, 1.0000001192092896)]"
Perp_ans,"[(1.0849300675472662, 1.1416494842483798)]","[(0.1303034197417495, 0.2733449956672177)]","[(1.000365264744384, 1.0006390195076087)]","[(1.006174710669754, 1.0128710515909107)]","[(1.023261771955159, 1.0556481373296025)]","[(1.102033446080229, 1.1614124884330133)]","[(1.837834523434268, 2.7431173524127064)]"
IDK,"[(0.01, 0.06)]","[(0.09949874371066199, 0.246525860712421)]","[(0.0, 0.0)]","[(0.0, 0.0)]","[(0.0, 0.0)]","[(0.0, 0.0)]","[(1.0, 1.0)]"
